{
  "display": {
    "icon": {
      "item": "first_mod:rareuimore"
    },
    "title": {
      "translate": "advancements.rareuimfever.title"
    },
    "description": {
      "translate": "advancements.rareuimfever.descr"
    },
    "frame": "task",
    "show_toast": true,
    "announce_to_chat": true,
    "hidden": false
  },
  "criteria": {
    "rareuimfever_0": {
      "trigger": "minecraft:inventory_changed",
      "conditions": {
        "items": [
          {
            "items": [
              "first_mod:rareuimore"
            ],
            "count": {
              "min": 1,
              "max": 1
            }
          }
        ]
      }
    }
  },
  "rewards": {
    "experience": 15
  },
  "parent": "minecraft:story/iron_tools"
}