{
  "_fv": 60,
  "_type": "achievement",
  "definition": {
    "achievementName": "Rareuim fever",
    "achievementDescription": "Rareuuuuuuiiiiimmm fever has done and got me down",
    "achievementIcon": {
      "value": "CUSTOM:Rareuimore"
    },
    "background": "Default",
    "disableDisplay": false,
    "showPopup": true,
    "announceToChat": true,
    "hideIfNotCompleted": false,
    "rewardLoot": [],
    "rewardRecipes": [],
    "rewardFunction": "No function",
    "rewardXP": 15,
    "achievementType": "task",
    "parent": {
      "value": "story/iron_tools"
    },
    "triggerxml": "<xml xmlns=\"https://developers.google.com/blockly/xml\"><block type=\"advancement_trigger\" deletable=\"false\" x=\"193\" y=\"36\"><next><block type=\"item_in_inventory\"><value name=\"amount_l\"><block type=\"math_number\"><field name=\"NUM\">1</field></block></value><value name=\"amount_h\"><block type=\"math_number\"><field name=\"NUM\">1</field></block></value><value name=\"item\"><block type=\"mcitem_all\"><field name=\"value\">CUSTOM:Rareuimore</field></block></value></block></next></block></xml>"
  }
}